{
    "loss": 0.7116330862045288
    "accuracy": 0.8500000238418579
}

